GO
USE PROJECT  

-- Users (31)
INSERT INTO [User] (username, passhash, fullname, isbuyer, isseller)   
VALUES ('wahooo', '5e884898da28047151d0e56f8dc6292773603d0d6aabbdd62a11ef721d1542d8', 'Wahoo Johnson', 1, 0);  
INSERT INTO [User] (username, passhash, fullname, isbuyer, isseller)   
VALUES ('johnsmith99', '5e884898da28047151d0e56f8dc6292773603d0d6aabbdd62a11ef721d1542d8', 'John Smith', 1, 0); 
INSERT INTO [User] (username, passhash, fullname, isbuyer, isseller)   
VALUES ('janedoe88', '5e884898da28047151d0e56f8dc6292773603d0d6aabbdd62a11ef721d1542d8', 'Jane Doe', 0, 1); 
INSERT INTO [User] (username, passhash, fullname, isbuyer, isseller)   
VALUES ('buyer12345', '5e884898da28047151d0e56f8dc6292773603d0d6aabbdd62a11ef721d1542d8', 'Buyer Example', 1, 0); 
INSERT INTO [User] (username, passhash, fullname, isbuyer, isseller)   
VALUES ('seller98765', '5e884898da28047151d0e56f8dc6292773603d0d6aabbdd62a11ef721d1542d8', 'Seller Example', 0, 1); 
INSERT INTO [User] (username, passhash, fullname, isbuyer, isseller)   
VALUES ('emilybrown12', '5e884898da28047151d0e56f8dc6292773603d0d6aabbdd62a11ef721d1542d8', 'Emily Brown', 1, 1); 
INSERT INTO [User] (username, passhash, fullname, isbuyer, isseller)   
VALUES ('michaeljordan', '5e884898da28047151d0e56f8dc6292773603d0d6aabbdd62a11ef721d1542d8', 'Michael Jordan', 0, 1); 
INSERT INTO [User] (username, passhash, fullname, isbuyer, isseller)   
VALUES ('carlajones33', '5e884898da28047151d0e56f8dc6292773603d0d6aabbdd62a11ef721d1542d8', 'Carla Jones', 1, 1); 
INSERT INTO [User] (username, passhash, fullname, isbuyer, isseller)   
VALUES ('samsamuel56', '5e884898da28047151d0e56f8dc6292773603d0d6aabbdd62a11ef721d1542d8', 'Sam Samuel', 0, 1); 
INSERT INTO [User] (username, passhash, fullname, isbuyer, isseller)   
VALUES ('victorwayne22', '5e884898da28047151d0e56f8dc6292773603d0d6aabbdd62a11ef721d1542d8', 'Victor Wayne', 1, 1); 
INSERT INTO [User] (username, passhash, fullname, isbuyer, isseller)   
VALUES ('mariagarcia66', '5e884898da28047151d0e56f8dc6292773603d0d6aabbdd62a11ef721d1542d8', 'Maria Garcia', 0, 1); 
INSERT INTO [User] (username, passhash, fullname, isbuyer, isseller)   
VALUES ('peterparker77', '5e884898da28047151d0e56f8dc6292773603d0d6aabbdd62a11ef721d1542d8', 'Peter Parker', 1, 0); 
INSERT INTO [User] (username, passhash, fullname, isbuyer, isseller)   
VALUES ('brucelindley11', '5e884898da28047151d0e56f8dc6292773603d0d6aabbdd62a11ef721d1542d8', 'Bruce Lindley', 0, 1); 
INSERT INTO [User] (username, passhash, fullname, isbuyer, isseller)   
VALUES ('davidclark44', '5e884898da28047151d0e56f8dc6292773603d0d6aabbdd62a11ef721d1542d8', 'David Clark', 1, 1); 
INSERT INTO [User] (username, passhash, fullname, isbuyer, isseller)   
VALUES ('nancyallen98', '5e884898da28047151d0e56f8dc6292773603d0d6aabbdd62a11ef721d1542d8', 'Nancy Allen', 0, 1); 
INSERT INTO [User] (username, passhash, fullname, isbuyer, isseller)   
VALUES ('jacobking33', '5e884898da28047151d0e56f8dc6292773603d0d6aabbdd62a11ef721d1542d8', 'Jacob King', 1, 1); 
INSERT INTO [User] (username, passhash, fullname, isbuyer, isseller)   
VALUES ('sofiahernandez88', '5e884898da28047151d0e56f8dc6292773603d0d6aabbdd62a11ef721d1542d8', 'Sofia Hernandez', 0, 1); 
INSERT INTO [User] (username, passhash, fullname, isbuyer, isseller)   
VALUES ('williamjohnson01', '5e884898da28047151d0e56f8dc6292773603d0d6aabbdd62a11ef721d1542d8', 'William Johnson', 1, 0); 
INSERT INTO [User] (username, passhash, fullname, isbuyer, isseller)   
VALUES ('lauramarquez21', '5e884898da28047151d0e56f8dc6292773603d0d6aabbdd62a11ef721d1542d8', 'Laura Marquez', 1, 1); 
INSERT INTO [User] (username, passhash, fullname, isbuyer, isseller)   
VALUES ('danielwalker34', '5e884898da28047151d0e56f8dc6292773603d0d6aabbdd62a11ef721d1542d8', 'Daniel Walker', 1, 0); 
INSERT INTO [User] (username, passhash, fullname, isbuyer, isseller)   
VALUES ('lisasmith56', '5e884898da28047151d0e56f8dc6292773603d0d6aabbdd62a11ef721d1542d8', 'Lisa Smith', 0, 1); 
INSERT INTO [User] (username, passhash, fullname, isbuyer, isseller)   
VALUES ('robertjohnson99', '5e884898da28047151d0e56f8dc6292773603d0d6aabbdd62a11ef721d1542d8', 'Robert Johnson', 1, 0); 
INSERT INTO [User] (username, passhash, fullname, isbuyer, isseller)   
VALUES ('sarahwilliams12', '5e884898da28047151d0e56f8dc6292773603d0d6aabbdd62a11ef721d1542d8', 'Sarah Williams', 0, 1); 
INSERT INTO [User] (username, passhash, fullname, isbuyer, isseller)   
VALUES ('markthompson44', '5e884898da28047151d0e56f8dc6292773603d0d6aabbdd62a11ef721d1542d8', 'Mark Thompson', 1, 0); 
INSERT INTO [User] (username, passhash, fullname, isbuyer, isseller)   
VALUES ('amandabrown77', '5e884898da28047151d0e56f8dc6292773603d0d6aabbdd62a11ef721d1542d8', 'Amanda Brown', 0, 1); 
INSERT INTO [User] (username, passhash, fullname, isbuyer, isseller)   
VALUES ('josephmiller90', '5e884898da28047151d0e56f8dc6292773603d0d6aabbdd62a11ef721d1542d8', 'Joseph Miller', 1, 0); 
INSERT INTO [User] (username, passhash, fullname, isbuyer, isseller)   
VALUES ('kellyadams21', '5e884898da28047151d0e56f8dc6292773603d0d6aabbdd62a11ef721d1542d8', 'Kelly Adams', 0, 1); 
INSERT INTO [User] (username, passhash, fullname, isbuyer, isseller)   
VALUES ('briananderson66', '5e884898da28047151d0e56f8dc6292773603d0d6aabbdd62a11ef721d1542d8', 'Brian Anderson', 1, 1); 
INSERT INTO [User] (username, passhash, fullname, isbuyer, isseller)   
VALUES ('ericasanders34', '5e884898da28047151d0e56f8dc6292773603d0d6aabbdd62a11ef721d1542d8', 'Erica Sanders', 0, 1); 
INSERT INTO [User] (username, passhash, fullname, isbuyer, isseller)   
VALUES ('stephenlee56', '5e884898da28047151d0e56f8dc6292773603d0d6aabbdd62a11ef721d1542d8', 'Stephen Lee', 1, 1); 
INSERT INTO [User] (username, passhash, fullname, isbuyer, isseller)   
VALUES ('kimberlygreen11', '5e884898da28047151d0e56f8dc6292773603d0d6aabbdd62a11ef721d1542d8', 'Kimberly Green', 1, 1); 

-- USER EMAIL (31) 
INSERT INTO User_email (username, email)   

VALUES ('wahooo', 'wahooo@randomdomain.com'); 

INSERT INTO User_email (username, email)   

VALUES ('johnsmith99', 'johnsmith99@example.com'); 

INSERT INTO User_email (username, email)   

VALUES ('janedoe88', 'janedoe88@example.com'); 

INSERT INTO User_email (username, email)   

VALUES ('buyer12345', 'buyer12345@ecommerce.com'); 

INSERT INTO User_email (username, email)   

VALUES ('seller98765', 'seller98765@shopzone.com'); 

INSERT INTO User_email (username, email)   

VALUES ('emilybrown12', 'emilybrown12@mailer.com'); 

INSERT INTO User_email (username, email)   

VALUES ('michaeljordan', 'mjordan@sporty.com'); 

INSERT INTO User_email (username, email)   

VALUES ('carlajones33', 'carlajones33@companymail.com'); 

INSERT INTO User_email (username, email)   

VALUES ('samsamuel56', 'samsamuel56@sellplace.com'); 

INSERT INTO User_email (username, email)   

VALUES ('victorwayne22', 'victorwayne22@webmail.com'); 

INSERT INTO User_email (username, email)   

VALUES ('mariagarcia66', 'mariagarcia66@trade.com'); 

INSERT INTO User_email (username, email)   

VALUES ('peterparker77', 'peterparker77@webmail.com'); 

INSERT INTO User_email (username, email)   

VALUES ('brucelindley11', 'brucelindley11@businessmail.com'); 

INSERT INTO User_email (username, email)   

VALUES ('davidclark44', 'davidclark44@shopping.com'); 

INSERT INTO User_email (username, email)   

VALUES ('nancyallen98', 'nancyallen98@shopworld.com'); 

INSERT INTO User_email (username, email)   

VALUES ('jacobking33', 'jacobking33@mailservice.com'); 

INSERT INTO User_email (username, email)   

VALUES ('sofiahernandez88', 'sofiahernandez88@ecomsite.com'); 

INSERT INTO User_email (username, email)   

VALUES ('williamjohnson01', 'williamjohnson01@ecorp.com'); 

INSERT INTO User_email (username, email)   

VALUES ('lauramarquez21', 'lauramarquez21@sellzone.com'); 

INSERT INTO User_email (username, email)   

VALUES ('danielwalker34', 'danielwalker34@buynsell.com'); 

INSERT INTO User_email (username, email)   

VALUES ('lisasmith56', 'lisasmith56@fastmail.com'); 

INSERT INTO User_email (username, email)   

VALUES ('robertjohnson99', 'robertjohnson99@onlinemail.com'); 

INSERT INTO User_email (username, email)   

VALUES ('sarahwilliams12', 'sarahwilliams12@online.com'); 

INSERT INTO User_email (username, email)   

VALUES ('markthompson44', 'markthompson44@buyerzone.com'); 

INSERT INTO User_email (username, email)   

VALUES ('amandabrown77', 'amandabrown77@quickmail.com'); 

INSERT INTO User_email (username, email)   

VALUES ('josephmiller90', 'josephmiller90@buy.com'); 

INSERT INTO User_email (username, email)   

VALUES ('kellyadams21', 'kellyadams21@shoppermail.com'); 

INSERT INTO User_email (username, email)   

VALUES ('briananderson66', 'briananderson66@securemail.com'); 

INSERT INTO User_email (username, email)   

VALUES ('ericasanders34', 'ericasanders34@shopmail.com'); 

INSERT INTO User_email (username, email)   

VALUES ('stephenlee56', 'stephenlee56@domain.com'); 

INSERT INTO User_email (username, email)   

VALUES ('kimberlygreen11', 'kimberlygreen11@shopmail.com'); 

 

-- USER PHONENUMBER (31) 
INSERT INTO User_phonenumber (username, phonenumber)   

VALUES ('wahooo', '5550123456'); 

INSERT INTO User_phonenumber (username, phonenumber)   

VALUES ('johnsmith99', '5551234567'); 

INSERT INTO User_phonenumber (username, phonenumber)   

VALUES ('janedoe88', '5559876543'); 

INSERT INTO User_phonenumber (username, phonenumber)   

VALUES ('buyer12345', '5557654321'); 

INSERT INTO User_phonenumber (username, phonenumber)   

VALUES ('seller98765', '5558765432'); 

INSERT INTO User_phonenumber (username, phonenumber)   

VALUES ('emilybrown12', '5553456789'); 

INSERT INTO User_phonenumber (username, phonenumber)   

VALUES ('michaeljordan', '5556543210'); 

INSERT INTO User_phonenumber (username, phonenumber)   

VALUES ('carlajones33', '5555678901'); 

INSERT INTO User_phonenumber (username, phonenumber)   

VALUES ('samsamuel56', '5557890123'); 

INSERT INTO User_phonenumber (username, phonenumber)   

VALUES ('victorwayne22', '5558901234'); 

INSERT INTO User_phonenumber (username, phonenumber)   

VALUES ('mariagarcia66', '5550123456'); 

INSERT INTO User_phonenumber (username, phonenumber)   

VALUES ('peterparker77', '5553210987'); 

INSERT INTO User_phonenumber (username, phonenumber)   

VALUES ('brucelindley11', '5554567890'); 

INSERT INTO User_phonenumber (username, phonenumber)   

VALUES ('davidclark44', '5555432109'); 

INSERT INTO User_phonenumber (username, phonenumber)   

VALUES ('nancyallen98', '5556789012'); 

INSERT INTO User_phonenumber (username, phonenumber)   

VALUES ('jacobking33', '5559012345'); 

INSERT INTO User_phonenumber (username, phonenumber)   

VALUES ('sofiahernandez88', '5552345678'); 

INSERT INTO User_phonenumber (username, phonenumber)   

VALUES ('williamjohnson01', '5551230987'); 

INSERT INTO User_phonenumber (username, phonenumber)   

VALUES ('lauramarquez21', '5554321098'); 

INSERT INTO User_phonenumber (username, phonenumber)   

VALUES ('danielwalker34', '5556781234'); 

INSERT INTO User_phonenumber (username, phonenumber)   

VALUES ('lisasmith56', '5557892345'); 

INSERT INTO User_phonenumber (username, phonenumber)   

VALUES ('robertjohnson99', '5558903456'); 

INSERT INTO User_phonenumber (username, phonenumber)   

VALUES ('sarahwilliams12', '5559014567'); 

INSERT INTO User_phonenumber (username, phonenumber)   

VALUES ('markthompson44', '5550126789'); 

INSERT INTO User_phonenumber (username, phonenumber)   

VALUES ('amandabrown77', '5552347890'); 

INSERT INTO User_phonenumber (username, phonenumber)   

VALUES ('josephmiller90', '5553458901'); 

INSERT INTO User_phonenumber (username, phonenumber)   

VALUES ('kellyadams21', '5554569012'); 

INSERT INTO User_phonenumber (username, phonenumber)   

VALUES ('briananderson66', '5555670123'); 

INSERT INTO User_phonenumber (username, phonenumber)   

VALUES ('ericasanders34', '5556782345'); 

INSERT INTO User_phonenumber (username, phonenumber)   

VALUES ('stephenlee56', '5557893456'); 

INSERT INTO User_phonenumber (username, phonenumber)   

VALUES ('kimberlygreen11', '5558904567'); 

 

-- PAYMENT METHOD (5) 
INSERT INTO PaymentMethod (method_name) VALUES ('Venmo');
INSERT INTO PaymentMethod (method_name) VALUES ('Paypal'); 
INSERT INTO PaymentMethod (method_name) VALUES ('Credit Card'); 
INSERT INTO PaymentMethod (method_name) VALUES ('Cash'); 
INSERT INTO PaymentMethod (method_name) VALUES ('Flex Dollars'); 
 
-- UVA LOCATION (30) 
INSERT INTO UVALocation ([name], street, city, [state], zip) 

VALUES ('Rice Hall', '85 Engineer''s Way', 'Charlottesville', 'VA', 22903); 

INSERT INTO UVALocation ([name], street, city, [state], zip) 

VALUES ('Clark Hall', '291 McCormick Road', 'Charlottesville', 'VA', 22903); 

INSERT INTO UVALocation ([name], street, city, [state], zip) 

VALUES ('Olsson Hall', '151 Engineer''s Way', 'Charlottesville', 'VA', 22904); 

INSERT INTO UVALocation ([name], street, city, [state], zip) 

VALUES ('Small Hall', '156 Engineer''s Way', 'Charlottesville', 'VA', 22903); 

INSERT INTO UVALocation ([name], street, city, [state], zip) 

VALUES ('Mechanical Engineering Building', '130 Chemistry Drive', 'Charlottesville', 'VA', 22904); 

INSERT INTO UVALocation ([name], street, city, [state], zip) 

VALUES ('Thorton Hall D-Wing', '122 Engineer''s Way', 'Charlottesville', 'VA', 22903); 

INSERT INTO UVALocation ([name], street, city, [state], zip) 

VALUES ('Thorton Hall C-Wing', '914 Emmet St S', 'Charlottesville', 'VA', 22904); 

INSERT INTO UVALocation ([name], street, city, [state], zip) 

VALUES ('Thorton Hall A-Wing', '351 McCormick Road', 'Charlottesville', 'VA', 22904); 

INSERT INTO UVALocation ([name], street, city, [state], zip) 

VALUES ('Chemical Engineering Research Building', '385 McCormick Road', 'Charlottesville', 'VA', 22903); 

INSERT INTO UVALocation ([name], street, city, [state], zip) 

VALUES ('Wilsdorf Hall', '395 McCormick Road', 'Charlottesville', 'VA', 22903); 

INSERT INTO UVALocation ([name], street, city, [state], zip) 

VALUES ('Jesser Hall', '140 Chemistry Drive', 'Charlottesville', 'VA', 22904); 

INSERT INTO UVALocation ([name], street, city, [state], zip) 

VALUES ('Chemistry Building', '409 McCormick Road', 'Charlottesville', 'VA', 22904); 

INSERT INTO UVALocation ([name], street, city, [state], zip) 

VALUES ('AFC', '450 Whitehead Road', 'Charlottesville', 'VA', 22904); 

INSERT INTO UVALocation ([name], street, city, [state], zip) 

VALUES ('Gilmer Hall', '485 McCormick Road', 'Charlottesville', 'VA', 22904); 

INSERT INTO UVALocation ([name], street, city, [state], zip) 

VALUES ('University Bookstore', '400 Emmet St S', 'Charlottesville', 'VA', 22903); 

INSERT INTO UVALocation ([name], street, city, [state], zip) 

VALUES ('Newcomb Hall', '180 McCormick Road', 'Charlottesville', 'VA', 22903); 

INSERT INTO UVALocation ([name], street, city, [state], zip) 

VALUES ('O Hill', '525 McCormick Road', 'Charlottesville', 'VA', 22904); 

INSERT INTO UVALocation ([name], street, city, [state], zip) 

VALUES ('Scott Stadium', '1815 Stadium Road', 'Charlottesville', 'VA', 22903); 

INSERT INTO UVALocation ([name], street, city, [state], zip) 

VALUES ('Rotunda', '1826 University Avenue', 'Charlottesville', 'VA', 22904); 

INSERT INTO UVALocation ([name], street, city, [state], zip) 

VALUES ('Shannon Library', '160 McCormick Road', 'Charlottesville', 'VA', 22904); 

INSERT INTO UVALocation ([name], street, city, [state], zip) 

VALUES ('Nau Hall', '1540 Jefferson Park Avenue', 'Charlottesville', 'VA', 22903); 

INSERT INTO UVALocation ([name], street, city, [state], zip) 

VALUES ('Claude Moore Health Sciences Library', '1350 Jefferson Park Avenue', 'Charlottesville', 'VA', 22908); 

INSERT INTO UVALocation ([name], street, city, [state], zip) 

VALUES ('University of Virginia School of Medicine', '1340 Jefferson Park Avenue', 'Charlottesville', 'VA', 22903); 

INSERT INTO UVALocation ([name], street, city, [state], zip) 

VALUES ('Monroe Hall', '248 McCormick Road', 'Charlottesville', 'VA', 22904); 

INSERT INTO UVALocation ([name], street, city, [state], zip) 

VALUES ('Peabody Hall', '190 McCormick Road', 'Charlottesville', 'VA', 22903); 

INSERT INTO UVALocation ([name], street, city, [state], zip) 

VALUES ('Clemons Library', '164 McCormick Road', 'Charlottesville', 'VA', 22903); 

INSERT INTO UVALocation ([name], street, city, [state], zip) 

VALUES ('Garrett Hall', '235 McCormick Road', 'Charlottesville', 'VA', 22903); 

INSERT INTO UVALocation ([name], street, city, [state], zip) 

VALUES ('Minor Hall', '102 Amphitheater Way', 'Charlottesville', 'VA', 22903); 

INSERT INTO UVALocation ([name], street, city, [state], zip) 

VALUES ('John W. Warner Hall', '1512 Jefferson Park Avenue', 'Charlottesville', 'VA', 22903); 

INSERT INTO UVALocation ([name], street, city, [state], zip) 

VALUES ('UVA School of Education and Human Development', '405 Emmet St S', 'Charlottesville', 'VA', 22904); 

-- USER PAYMENT METHOD (51) 
INSERT INTO User_PaymentMethods (username, payment_id)   

VALUES ('johnsmith99', 1); -- Venmo 

INSERT INTO User_PaymentMethods (username, payment_id)   

VALUES ('janedoe88', 2); -- Paypal 

INSERT INTO User_PaymentMethods (username, payment_id)   

VALUES ('buyer12345', 3); -- Credit Card 

INSERT INTO User_PaymentMethods (username, payment_id)   

VALUES ('seller98765', 4); -- Cash 

INSERT INTO User_PaymentMethods (username, payment_id)   

VALUES ('emilybrown12', 5); -- Flex Dollars 

INSERT INTO User_PaymentMethods (username, payment_id)   

VALUES ('michaeljordan', 1); -- Venmo 

INSERT INTO User_PaymentMethods (username, payment_id)   

VALUES ('carlajones33', 2); -- Paypal 

INSERT INTO User_PaymentMethods (username, payment_id)   

VALUES ('samsamuel56', 3); -- Credit Card 

INSERT INTO User_PaymentMethods (username, payment_id)   

VALUES ('victorwayne22', 4); -- Cash 

INSERT INTO User_PaymentMethods (username, payment_id)   

VALUES ('mariagarcia66', 5); -- Flex Dollars 

INSERT INTO User_PaymentMethods (username, payment_id)   

VALUES ('peterparker77', 1); -- Venmo 

INSERT INTO User_PaymentMethods (username, payment_id)   

VALUES ('brucelindley11', 2); -- Paypal 

INSERT INTO User_PaymentMethods (username, payment_id)   

VALUES ('davidclark44', 3); -- Credit Card 

INSERT INTO User_PaymentMethods (username, payment_id)   

VALUES ('nancyallen98', 4); -- Cash 

INSERT INTO User_PaymentMethods (username, payment_id)   

VALUES ('jacobking33', 5); -- Flex Dollars 

INSERT INTO User_PaymentMethods (username, payment_id)   

VALUES ('sofiahernandez88', 1); -- Venmo 

INSERT INTO User_PaymentMethods (username, payment_id)   

VALUES ('sofiahernandez88', 2); -- Paypal 

INSERT INTO User_PaymentMethods (username, payment_id)   

VALUES ('williamjohnson01', 3); -- Credit Card 

INSERT INTO User_PaymentMethods (username, payment_id)   

VALUES ('williamjohnson01', 4); -- Cash 

INSERT INTO User_PaymentMethods (username, payment_id)   

VALUES ('williamjohnson01', 5); -- Flex Dollars 

INSERT INTO User_PaymentMethods (username, payment_id)   

VALUES ('lauramarquez21', 1); -- Venmo 

INSERT INTO User_PaymentMethods (username, payment_id)   

VALUES ('lauramarquez21', 3); -- Credit Card 

INSERT INTO User_PaymentMethods (username, payment_id)   

VALUES ('danielwalker34', 2); -- Paypal 

INSERT INTO User_PaymentMethods (username, payment_id)   

VALUES ('danielwalker34', 4); -- Cash 

INSERT INTO User_PaymentMethods (username, payment_id)   

VALUES ('lisasmith56', 1); -- Venmo 

INSERT INTO User_PaymentMethods (username, payment_id)   

VALUES ('lisasmith56', 2); -- Paypal 

INSERT INTO User_PaymentMethods (username, payment_id)   

VALUES ('lisasmith56', 5); -- Flex Dollars 

INSERT INTO User_PaymentMethods (username, payment_id)   

VALUES ('robertjohnson99', 3); -- Credit Card 

INSERT INTO User_PaymentMethods (username, payment_id)   

VALUES ('robertjohnson99', 4); -- Cash 

INSERT INTO User_PaymentMethods (username, payment_id)   

VALUES ('sarahwilliams12', 2); -- Paypal 

INSERT INTO User_PaymentMethods (username, payment_id)   

VALUES ('sarahwilliams12', 3); -- Credit Card 

INSERT INTO User_PaymentMethods (username, payment_id)   

VALUES ('markthompson44', 1); -- Venmo 

INSERT INTO User_PaymentMethods (username, payment_id)   

VALUES ('markthompson44', 2); -- Paypal 

INSERT INTO User_PaymentMethods (username, payment_id)   

VALUES ('markthompson44', 4); -- Cash 

INSERT INTO User_PaymentMethods (username, payment_id)   

VALUES ('amandabrown77', 1); -- Venmo 

INSERT INTO User_PaymentMethods (username, payment_id)   

VALUES ('amandabrown77', 5); -- Flex Dollars 

INSERT INTO User_PaymentMethods (username, payment_id)   

VALUES ('josephmiller90', 3); -- Credit Card 

INSERT INTO User_PaymentMethods (username, payment_id)   

VALUES ('josephmiller90', 4); -- Cash 

INSERT INTO User_PaymentMethods (username, payment_id)   

VALUES ('kellyadams21', 2); -- Paypal 

INSERT INTO User_PaymentMethods (username, payment_id)   

VALUES ('kellyadams21', 3); -- Credit Card 

INSERT INTO User_PaymentMethods (username, payment_id)   

VALUES ('briananderson66', 1); -- Venmo 

INSERT INTO User_PaymentMethods (username, payment_id)   

VALUES ('briananderson66', 2); -- Paypal 

INSERT INTO User_PaymentMethods (username, payment_id)   

VALUES ('briananderson66', 5); -- Flex Dollars 

INSERT INTO User_PaymentMethods (username, payment_id)   

VALUES ('ericasanders34', 2); -- Paypal 

INSERT INTO User_PaymentMethods (username, payment_id)   

VALUES ('ericasanders34', 4); -- Cash 

INSERT INTO User_PaymentMethods (username, payment_id)   

VALUES ('stephenlee56', 1); -- Venmo 

INSERT INTO User_PaymentMethods (username, payment_id)   

VALUES ('stephenlee56', 3); -- Credit Card 

INSERT INTO User_PaymentMethods (username, payment_id)   

VALUES ('kimberlygreen11', 1); -- Venmo 

INSERT INTO User_PaymentMethods (username, payment_id)   

VALUES ('kimberlygreen11', 2); -- Paypal 

INSERT INTO User_PaymentMethods (username, payment_id)   

VALUES ('kimberlygreen11', 5); -- Flex Dollars 

INSERT INTO User_PaymentMethods (username, payment_id)   

VALUES ('wahooo', 1); -- Venmo 

 

-- USER UVALOCATIONS (31)
INSERT INTO User_UVALocations (username, locationID) VALUES ('amandabrown77', 1);
INSERT INTO User_UVALocations (username, locationID) VALUES ('briananderson66', 2);
INSERT INTO User_UVALocations (username, locationID) VALUES ('brucelindley11', 3);
INSERT INTO User_UVALocations (username, locationID) VALUES ('buyer12345', 4);
INSERT INTO User_UVALocations (username, locationID) VALUES ('carlajones33', 5);
INSERT INTO User_UVALocations (username, locationID) VALUES ('danielwalker34', 6);
INSERT INTO User_UVALocations (username, locationID) VALUES ('davidclark44', 7);
INSERT INTO User_UVALocations (username, locationID) VALUES ('emilybrown12', 8);
INSERT INTO User_UVALocations (username, locationID) VALUES ('ericasanders34', 9);
INSERT INTO User_UVALocations (username, locationID) VALUES ('jacobking33', 10);
INSERT INTO User_UVALocations (username, locationID) VALUES ('janedoe88', 11);
INSERT INTO User_UVALocations (username, locationID) VALUES ('johnsmith99', 12);
INSERT INTO User_UVALocations (username, locationID) VALUES ('josephmiller90', 13);
INSERT INTO User_UVALocations (username, locationID) VALUES ('kellyadams21', 14);
INSERT INTO User_UVALocations (username, locationID) VALUES ('kimberlygreen11', 15);
INSERT INTO User_UVALocations (username, locationID) VALUES ('lauramarquez21', 16); 
INSERT INTO User_UVALocations (username, locationID) VALUES ('lisasmith56', 17); 
INSERT INTO User_UVALocations (username, locationID) VALUES ('mariagarcia66', 18); 
INSERT INTO User_UVALocations (username, locationID) VALUES ('markthompson44', 19);
INSERT INTO User_UVALocations (username, locationID) VALUES ('michaeljordan', 20);
INSERT INTO User_UVALocations (username, locationID) VALUES ('nancyallen98', 21);
INSERT INTO User_UVALocations (username, locationID) VALUES ('peterparker77', 22);
INSERT INTO User_UVALocations (username, locationID) VALUES ('robertjohnson99', 23);
INSERT INTO User_UVALocations (username, locationID) VALUES ('samsamuel56', 24); 
INSERT INTO User_UVALocations (username, locationID) VALUES ('sarahwilliams12', 25); 
INSERT INTO User_UVALocations (username, locationID) VALUES ('seller98765', 26); 
INSERT INTO User_UVALocations (username, locationID) VALUES ('sofiahernandez88', 27);
INSERT INTO User_UVALocations (username, locationID) VALUES ('stephenlee56', 28); 
INSERT INTO User_UVALocations (username, locationID) VALUES ('victorwayne22', 29); 
INSERT INTO User_UVALocations (username, locationID) VALUES ('wahooo', 30); 
INSERT INTO User_UVALocations (username, locationID) VALUES ('williamjohnson01', 1);

-- USER RATES (30)
INSERT INTO User_Rates (rater, ratee, rating, comment) VALUES ('briananderson66', 'amandabrown77', 4, 'Great seller!');
INSERT INTO User_Rates (rater, ratee, rating, comment) VALUES ('buyer12345', 'brucelindley11', 5, 'Very satisfied!');
INSERT INTO User_Rates (rater, ratee, rating, comment) VALUES ('carlajones33', 'ericasanders34', 3, 'Good transaction.');
INSERT INTO User_Rates (rater, ratee, rating, comment) VALUES ('danielwalker34', 'janedoe88', 5, 'Fast shipping!');
INSERT INTO User_Rates (rater, ratee, rating, comment) VALUES ('davidclark44', 'kellyadams21', 2, 'Item as described, but slow delivery.');
INSERT INTO User_Rates (rater, ratee, rating, comment) VALUES ('emilybrown12', 'lisasmith56', 4, 'Good communication.');
INSERT INTO User_Rates (rater, ratee, rating, comment) VALUES ('jacobking33', 'mariagarcia66', 5, 'Highly recommend!');
INSERT INTO User_Rates (rater, ratee, rating, comment) VALUES ('johnsmith99', 'michaeljordan', 1, 'Poor experience.');
INSERT INTO User_Rates (rater, ratee, rating, comment) VALUES ('josephmiller90', 'nancyallen98', 3, 'Average experience.');
INSERT INTO User_Rates (rater, ratee, rating, comment) VALUES ('kimberlygreen11', 'samsamuel56', 5, 'Perfect transaction!');
INSERT INTO User_Rates (rater, ratee, rating, comment) VALUES ('lauramarquez21', 'sarahwilliams12', 4, 'Good service.');
INSERT INTO User_Rates (rater, ratee, rating, comment) VALUES ('markthompson44', 'seller98765', 2, 'Could have been better.');
INSERT INTO User_Rates (rater, ratee, rating, comment) VALUES ('peterparker77', 'sofiahernandez88', 5, 'Excellent!');
INSERT INTO User_Rates (rater, ratee, rating, comment) VALUES ('robertjohnson99', 'amandabrown77', 3, 'Okay transaction.');
INSERT INTO User_Rates (rater, ratee, rating, comment) VALUES ('stephenlee56', 'brucelindley11', 4, 'Very smooth deal.');
INSERT INTO User_Rates (rater, ratee, rating, comment) VALUES ('victorwayne22', 'ericasanders34', 5, 'Great product!');
INSERT INTO User_Rates (rater, ratee, rating, comment) VALUES ('wahooo', 'janedoe88', 5, 'Will buy again!');
INSERT INTO User_Rates (rater, ratee, rating, comment) VALUES ('williamjohnson01', 'kellyadams21', 3, 'Not bad.');
INSERT INTO User_Rates (rater, ratee, rating, comment) VALUES ('briananderson66', 'lisasmith56', 4, 'Fast response.');
INSERT INTO User_Rates (rater, ratee, rating, comment) VALUES ('buyer12345', 'mariagarcia66', 5, 'Wonderful seller!');
INSERT INTO User_Rates (rater, ratee, rating, comment) VALUES ('carlajones33', 'michaeljordan', 2, 'Item not as described.');
INSERT INTO User_Rates (rater, ratee, rating, comment) VALUES ('danielwalker34', 'nancyallen98', 5, 'Fantastic service.');
INSERT INTO User_Rates (rater, ratee, rating, comment) VALUES ('davidclark44', 'samsamuel56', 4, 'Smooth transaction.');
INSERT INTO User_Rates (rater, ratee, rating, comment) VALUES ('emilybrown12', 'sarahwilliams12', 3, 'Average deal.');
INSERT INTO User_Rates (rater, ratee, rating, comment) VALUES ('jacobking33', 'seller98765', 5, 'Highly recommended.');
INSERT INTO User_Rates (rater, ratee, rating, comment) VALUES ('johnsmith99', 'sofiahernandez88', 4, 'Quick and easy.');
INSERT INTO User_Rates (rater, ratee, rating, comment) VALUES ('josephmiller90', 'amandabrown77', 5, 'Fantastic experience.');
INSERT INTO User_Rates (rater, ratee, rating, comment) VALUES ('kimberlygreen11', 'brucelindley11', 2, 'Could improve.');
INSERT INTO User_Rates (rater, ratee, rating, comment) VALUES ('lauramarquez21', 'ericasanders34', 5, 'Very pleased.');
INSERT INTO User_Rates (rater, ratee, rating, comment) VALUES ('lauramarquez21', 'brucelindley11', 5, 'Amazing');

-- CAR (30) 

INSERT INTO Car (username, make, model, [year], color)   

VALUES ('wahooo', 'Toyota', 'Corolla', 2015, 'White'); 

INSERT INTO Car (username, make, model, [year], color)   

VALUES ('wahooo', 'Toyota', 'Corolla', 2015, 'Red'); 

INSERT INTO Car (username, make, model, [year], color)   

VALUES ('johnsmith99', 'Honda', 'Civic', 2017, 'Blue'); 

INSERT INTO Car (username, make, model, [year], color)   

VALUES ('johnsmith99', 'Honda', 'Civic', 2017, 'Yellow'); 

INSERT INTO Car (username, make, model, [year], color)   

VALUES ('janedoe88', 'Ford', 'Fusion', 2018, 'Black'); 

INSERT INTO Car (username, make, model, [year], color)   

VALUES ('janedoe88', 'Ford', 'Fusion', 2018, 'Silver'); 

INSERT INTO Car (username, make, model, [year], color)   

VALUES ('buyer12345', 'Chevrolet', 'Impala', 2016, 'Silver'); 

INSERT INTO Car (username, make, model, [year], color)   

VALUES ('buyer12345', 'Chevrolet', 'Impala', 2016, 'Orange'); 

INSERT INTO Car (username, make, model, [year], color)   

VALUES ('seller98765', 'BMW', 'X5', 2020, 'Red'); 

INSERT INTO Car (username, make, model, [year], color)   

VALUES ('seller98765', 'BMW', 'X5', 2020, 'Pink'); 

INSERT INTO Car (username, make, model, [year], color)   

VALUES ('emilybrown12', 'Tesla', 'Model 3', 2021, 'White'); 

INSERT INTO Car (username, make, model, [year], color)   

VALUES ('emilybrown12', 'Tesla', 'Model 3', 2021, 'Black'); 

INSERT INTO Car (username, make, model, [year], color)   

VALUES ('michaeljordan', 'Mercedes', 'C-Class', 2019, 'Gray'); 

INSERT INTO Car (username, make, model, [year], color)   

VALUES ('michaeljordan', 'Mercedes', 'C-Class', 2019, 'Blue'); 

INSERT INTO Car (username, make, model, [year], color)   

VALUES ('carlajones33', 'Audi', 'A4', 2016, 'Black'); 

INSERT INTO Car (username, make, model, [year], color)   

VALUES ('carlajones33', 'Audi', 'A4', 2016, 'Purple'); 

INSERT INTO Car (username, make, model, [year], color)   

VALUES ('samsamuel56', 'Jeep', 'Wrangler', 2020, 'Green'); 

INSERT INTO Car (username, make, model, [year], color)   

VALUES ('samsamuel56', 'Jeep', 'Wrangler', 2020, 'Silver'); 

INSERT INTO Car (username, make, model, [year], color)   

VALUES ('victorwayne22', 'Volkswagen', 'Jetta', 2018, 'Blue'); 

INSERT INTO Car (username, make, model, [year], color)   

VALUES ('victorwayne22', 'Volkswagen', 'Jetta', 2018, 'Yellow'); 

INSERT INTO Car (username, make, model, [year], color)   

VALUES ('mariagarcia66', 'Hyundai', 'Elantra', 2017, 'Red'); 

INSERT INTO Car (username, make, model, [year], color)   

VALUES ('mariagarcia66', 'Hyundai', 'Elantra', 2017, 'Blue'); 

INSERT INTO Car (username, make, model, [year], color)   

VALUES ('peterparker77', 'Mazda', 'CX-5', 2019, 'Silver'); 

INSERT INTO Car (username, make, model, [year], color)   

VALUES ('peterparker77', 'Mazda', 'CX-5', 2019, 'Gray'); 

INSERT INTO Car (username, make, model, [year], color)   

VALUES ('brucelindley11', 'Nissan', 'Altima', 2015, 'White'); 

INSERT INTO Car (username, make, model, [year], color)   

VALUES ('brucelindley11', 'Nissan', 'Altima', 2015, 'Red'); 

INSERT INTO Car (username, make, model, [year], color)   

VALUES ('davidclark44', 'Subaru', 'Outback', 2016, 'Green'); 

INSERT INTO Car (username, make, model, [year], color)   

VALUES ('davidclark44', 'Subaru', 'Outback', 2016, 'Blue'); 

INSERT INTO Car (username, make, model, [year], color)   

VALUES ('nancyallen98', 'Kia', 'Sorento', 2017, 'Black'); 

INSERT INTO Car (username, make, model, [year], color)   

VALUES ('nancyallen98', 'Kia', 'Sorento', 2017, 'White'); 

 

--VENMO (36)
INSERT INTO Venmo (handle, username)   

VALUES ('amandabrown77_venmo', 'amandabrown77'); 

INSERT INTO Venmo (handle, username)   

VALUES ('briananderson66_venmo', 'briananderson66'); 

INSERT INTO Venmo (handle, username)   

VALUES ('johnsmith99_venmo', 'johnsmith99'); 

INSERT INTO Venmo (handle, username)   

VALUES ('kimberlygreen11_venmo', 'kimberlygreen11'); 

INSERT INTO Venmo (handle, username)   

VALUES ('lauramarquez21_venmo', 'lauramarquez21'); 

INSERT INTO Venmo (handle, username)   

VALUES ('lisasmith56_venmo', 'lisasmith56'); 

INSERT INTO Venmo (handle, username)   

VALUES ('markthompson44_venmo', 'markthompson44'); 

INSERT INTO Venmo (handle, username)   

VALUES ('michaeljordan_venmo', 'michaeljordan'); 

INSERT INTO Venmo (handle, username)   

VALUES ('peterparker77_venmo', 'peterparker77'); 

INSERT INTO Venmo (handle, username)   

VALUES ('sofiahernandez88_venmo', 'sofiahernandez88'); 

INSERT INTO Venmo (handle, username)   

VALUES ('stephenlee56_venmo', 'stephenlee56'); 

INSERT INTO Venmo (handle, username)   

VALUES ('wahooo_venmo', 'wahooo'); 

INSERT INTO Venmo (handle, username)   

VALUES ('amandabrown77_second_venmo_handle', 'amandabrown77'); 

INSERT INTO Venmo (handle, username)   

VALUES ('briananderson66_second_venmo_handle', 'briananderson66'); 

INSERT INTO Venmo (handle, username)   

VALUES ('johnsmith99_second_venmo_handle', 'johnsmith99'); 

INSERT INTO Venmo (handle, username)   

VALUES ('kimberlygreen11_second_venmo_handle', 'kimberlygreen11'); 

INSERT INTO Venmo (handle, username)   

VALUES ('lauramarquez21_second_venmo_handle', 'lauramarquez21'); 

INSERT INTO Venmo (handle, username)   

VALUES ('lisasmith56_second_venmo_handle', 'lisasmith56'); 

INSERT INTO Venmo (handle, username)   

VALUES ('markthompson44_second_venmo_handle', 'markthompson44'); 

INSERT INTO Venmo (handle, username)   

VALUES ('michaeljordan_second_venmo_handle', 'michaeljordan'); 

INSERT INTO Venmo (handle, username)   

VALUES ('peterparker77_second_venmo_handle', 'peterparker77'); 

INSERT INTO Venmo (handle, username)   

VALUES ('sofiahernandez88_second_venmo_handle', 'sofiahernandez88'); 

INSERT INTO Venmo (handle, username)   

VALUES ('stephenlee56_second_venmo_handle', 'stephenlee56'); 

INSERT INTO Venmo (handle, username)   

VALUES ('wahooo_second_venmo_handle', 'wahooo'); 

INSERT INTO Venmo (handle, username)   

VALUES ('amandabrown77_third_venmo_handle', 'amandabrown77'); 

INSERT INTO Venmo (handle, username)   

VALUES ('briananderson66_third_venmo_handle', 'briananderson66'); 

INSERT INTO Venmo (handle, username)   

VALUES ('johnsmith99_third_venmo_handle', 'johnsmith99'); 

INSERT INTO Venmo (handle, username)   

VALUES ('kimberlygreen11_third_venmo_handle', 'kimberlygreen11'); 

INSERT INTO Venmo (handle, username)   

VALUES ('lauramarquez21_third_venmo_handle', 'lauramarquez21'); 

INSERT INTO Venmo (handle, username)   

VALUES ('lisasmith56_third_venmo_handle', 'lisasmith56'); 

INSERT INTO Venmo (handle, username)   

VALUES ('markthompson44_third_venmo_handle', 'markthompson44'); 

INSERT INTO Venmo (handle, username)   

VALUES ('michaeljordan_third_venmo_handle', 'michaeljordan'); 

INSERT INTO Venmo (handle, username)   

VALUES ('peterparker77_third_venmo_handle', 'peterparker77'); 

INSERT INTO Venmo (handle, username)   

VALUES ('sofiahernandez88_third_venmo_handle', 'sofiahernandez88'); 

INSERT INTO Venmo (handle, username)   

VALUES ('stephenlee56_third_venmo_handle', 'stephenlee56'); 

INSERT INTO Venmo (handle, username)   

VALUES ('wahooo_third_venmo_handle', 'wahooo'); 

 

-- PAYPAL (36) 
INSERT INTO Paypal (username, app_username)   

VALUES ('briananderson66_paypal', 'briananderson66'); 

INSERT INTO Paypal (username, app_username)   

VALUES ('brucelindley11_paypal', 'brucelindley11'); 

INSERT INTO Paypal (username, app_username)   

VALUES ('carlajones33_paypal', 'carlajones33'); 

INSERT INTO Paypal (username, app_username)   

VALUES ('danielwalker34_paypal', 'danielwalker34'); 

INSERT INTO Paypal (username, app_username)   

VALUES ('ericasanders34_paypal', 'ericasanders34'); 

INSERT INTO Paypal (username, app_username)   

VALUES ('janedoe88_paypal', 'janedoe88'); 

INSERT INTO Paypal (username, app_username)   

VALUES ('kellyadams21_paypal', 'kellyadams21'); 

INSERT INTO Paypal (username, app_username)   

VALUES ('kimberlygreen11_paypal', 'kimberlygreen11'); 

INSERT INTO Paypal (username, app_username)   

VALUES ('lisasmith56_paypal', 'lisasmith56'); 

INSERT INTO Paypal (username, app_username)   

VALUES ('markthompson44_paypal', 'markthompson44'); 

INSERT INTO Paypal (username, app_username)   

VALUES ('sarahwilliams12_paypal', 'sarahwilliams12'); 

INSERT INTO Paypal (username, app_username)   

VALUES ('sofiahernandez88_paypal', 'sofiahernandez88'); 

INSERT INTO Paypal (username, app_username)   

VALUES ('briananderson66_second_paypal_username', 'briananderson66'); 

INSERT INTO Paypal (username, app_username)   

VALUES ('brucelindley11_second_paypal_username', 'brucelindley11'); 

INSERT INTO Paypal (username, app_username)   

VALUES ('carlajones33_second_paypal_username', 'carlajones33'); 

INSERT INTO Paypal (username, app_username)   

VALUES ('danielwalker34_second_paypal_username', 'danielwalker34'); 

INSERT INTO Paypal (username, app_username)   

VALUES ('ericasanders34_second_paypal_username', 'ericasanders34'); 

INSERT INTO Paypal (username, app_username)   

VALUES ('janedoe88_second_paypal_username', 'janedoe88'); 

INSERT INTO Paypal (username, app_username)   

VALUES ('kellyadams21_second_paypal_username', 'kellyadams21'); 

INSERT INTO Paypal (username, app_username)   

VALUES ('kimberlygreen11_second_paypal_username', 'kimberlygreen11'); 

INSERT INTO Paypal (username, app_username)   

VALUES ('lisasmith56_second_paypal_username', 'lisasmith56'); 

INSERT INTO Paypal (username, app_username)   

VALUES ('markthompson44_second_paypal_username', 'markthompson44'); 

INSERT INTO Paypal (username, app_username)   

VALUES ('sarahwilliams12_second_paypal_username', 'sarahwilliams12'); 

INSERT INTO Paypal (username, app_username)   

VALUES ('sofiahernandez88_second_paypal_username', 'sofiahernandez88'); 

INSERT INTO Paypal (username, app_username)   

VALUES ('briananderson66_third_paypal_username', 'briananderson66'); 

INSERT INTO Paypal (username, app_username)   

VALUES ('brucelindley11_third_paypal_username', 'brucelindley11'); 

INSERT INTO Paypal (username, app_username)   

VALUES ('carlajones33_third_paypal_username', 'carlajones33'); 

INSERT INTO Paypal (username, app_username)   

VALUES ('danielwalker34_third_paypal_username', 'danielwalker34'); 

INSERT INTO Paypal (username, app_username)   

VALUES ('ericasanders34_third_paypal_username', 'ericasanders34'); 

INSERT INTO Paypal (username, app_username)   

VALUES ('janedoe88_third_paypal_username', 'janedoe88'); 

INSERT INTO Paypal (username, app_username)   

VALUES ('kellyadams21_third_paypal_username', 'kellyadams21'); 

INSERT INTO Paypal (username, app_username)   

VALUES ('kimberlygreen11_third_paypal_username', 'kimberlygreen11'); 

INSERT INTO Paypal (username, app_username)   

VALUES ('lisasmith56_third_paypal_username', 'lisasmith56'); 

INSERT INTO Paypal (username, app_username)   

VALUES ('markthompson44_third_paypal_username', 'markthompson44'); 

INSERT INTO Paypal (username, app_username)   

VALUES ('sarahwilliams12_third_paypal_username', 'sarahwilliams12'); 

INSERT INTO Paypal (username, app_username)   

VALUES ('sofiahernandez88_third_paypal_username', 'sofiahernandez88'); 

 

-- CONDITION (4) 
INSERT INTO Condition (condition_name) VALUES ('New'); 
INSERT INTO Condition (condition_name) VALUES ('Excellent'); 
INSERT INTO Condition (condition_name) VALUES ('Good'); 
INSERT INTO Condition (condition_name) VALUES ('Bad'); 

-- LISTED ITEM (30) 

INSERT INTO ListedItem (seller_username, buyer_username, description, quantity, name, price, condition_id)   

VALUES ('amandabrown77', NULL, 'Red mountain bike, great condition', 1, 'Mountain Bike', 250, 2); 

INSERT INTO ListedItem (seller_username, buyer_username, description, quantity, name, price, condition_id)   

VALUES ('briananderson66', NULL, 'Electric scooter, battery lasts 20 miles', 1, 'Electric Scooter', 300, 1); 

INSERT INTO ListedItem (seller_username, buyer_username, description, quantity, name, price, condition_id)   

VALUES ('brucelindley11', NULL, 'Blue road bike, lightweight and fast', 1, 'Road Bike', 220, 2); 

INSERT INTO ListedItem (seller_username, buyer_username, description, quantity, name, price, condition_id)   

VALUES ('carlajones33', NULL, 'Hybrid bike, like new, only 6 months old', 1, 'Hybrid Bike', 270, 2); 

INSERT INTO ListedItem (seller_username, buyer_username, description, quantity, name, price, condition_id)   

VALUES ('davidclark44', NULL, 'Kick scooter for kids, adjustable height', 1, 'Kids Scooter', 100, 3); 

INSERT INTO ListedItem (seller_username, buyer_username, description, quantity, name, price, condition_id)   

VALUES ('emilybrown12', NULL, 'Foldable electric scooter, easy to carry', 1, 'Foldable Scooter', 320, 1);  

INSERT INTO ListedItem (seller_username, buyer_username, description, quantity, name, price, condition_id)   

VALUES ('ericasanders34', NULL, 'Men’s winter jacket, size L', 1, 'Winter Jacket', 150, 2); 

INSERT INTO ListedItem (seller_username, buyer_username, description, quantity, name, price, condition_id)   

VALUES ('jacobking33', NULL, 'Women’s summer dresses, size M', 2, 'Summer Dress', 60, 2); 

INSERT INTO ListedItem (seller_username, buyer_username, description, quantity, name, price, condition_id)   

VALUES ('janedoe88', NULL, 'Men’s leather jacket, size XL', 1, 'Leather Jacket', 180, 3); 

INSERT INTO ListedItem (seller_username, buyer_username, description, quantity, name, price, condition_id)   

VALUES ('kellyadams21', NULL, 'Designer handbag, barely used', 1, 'Handbag', 200, 2); 

INSERT INTO ListedItem (seller_username, buyer_username, description, quantity, name, price, condition_id)   

VALUES ('kimberlygreen11', NULL, 'Running shoes, size 8, barely used', 1, 'Running Shoes', 90, 2); 

INSERT INTO ListedItem (seller_username, buyer_username, description, quantity, name, price, condition_id)   

VALUES ('lauramarquez21', NULL, 'Women’s winter boots, size 7', 1, 'Winter Boots', 120, 3); 

INSERT INTO ListedItem (seller_username, buyer_username, description, quantity, name, price, condition_id)   

VALUES ('lisasmith56', NULL, 'Men’s casual shirta, size L', 3, 'Casual Shirt', 30, 4); 

INSERT INTO ListedItem (seller_username, buyer_username, description, quantity, name, price, condition_id)   

VALUES ('mariagarcia66', NULL, 'Women’s workout leggings, size S', 2, 'Workout Leggings', 50, 2); 

INSERT INTO ListedItem (seller_username, buyer_username, description, quantity, name, price, condition_id)   

VALUES ('michaeljordan', NULL, 'Men’s basketball jersey, size L', 1, 'Basketball Jersey', 75, 3); 

INSERT INTO ListedItem (seller_username, buyer_username, description, quantity, name, price, condition_id)   

VALUES ('nancyallen98', NULL, 'Women’s raincoat, size M', 1, 'Raincoat', 130, 1); 

INSERT INTO ListedItem (seller_username, buyer_username, description, quantity, name, price, condition_id)   

VALUES ('samsamuel56', NULL, 'Men’s suit, size M', 1, 'Suit', 250, 2); 

INSERT INTO ListedItem (seller_username, buyer_username, description, quantity, name, price, condition_id)   

VALUES ('sarahwilliams12', NULL, 'Women’s cocktail dress, size M', 1, 'Cocktail Dress', 180, 2); 

INSERT INTO ListedItem (seller_username, buyer_username, description, quantity, name, price, condition_id)   

VALUES ('seller98765', NULL, 'Vintage T-shirt, size L', 1, 'Vintage T-Shirt', 45, 3); 

INSERT INTO ListedItem (seller_username, buyer_username, description, quantity, name, price, condition_id)   

VALUES ('sofiahernandez88', NULL, 'Women’s designer sunglasses, new', 1, 'Designer Sunglasses', 220, 1);  

INSERT INTO ListedItem (seller_username, buyer_username, description, quantity, name, price, condition_id)   

VALUES ('stephenlee56', NULL, 'Used laptop, 16GB RAM, 256GB SSD', 1, 'Laptop', 700, 3); 

INSERT INTO ListedItem (seller_username, buyer_username, description, quantity, name, price, condition_id)   

VALUES ('victorwayne22', NULL, 'Noise-cancelling headphones, new', 1, 'Headphones', 300, 1); 

INSERT INTO ListedItem (seller_username, buyer_username, description, quantity, name, price, condition_id)   

VALUES ('amandabrown77', NULL, 'Smartwatch with fitness tracker, like new', 1, 'Smartwatch', 250, 2); 

INSERT INTO ListedItem (seller_username, buyer_username, description, quantity, name, price, condition_id)   

VALUES ('briananderson66', NULL, 'Tablet, 10-inch screen, 64GB', 1, 'Tablet', 400, 2); 

INSERT INTO ListedItem (seller_username, buyer_username, description, quantity, name, price, condition_id)   

VALUES ('brucelindley11', NULL, 'Wireless earbuds, brand new', 2, 'Wireless Earbuds', 120, 1); 

INSERT INTO ListedItem (seller_username, buyer_username, description, quantity, name, price, condition_id)   

VALUES ('carlajones33', NULL, '4K TV, 55-inch, barely used', 1, '4K TV', 600, 2); 

INSERT INTO ListedItem (seller_username, buyer_username, description, quantity, name, price, condition_id)   

VALUES ('davidclark44', NULL, 'Gaming console, 2 controllers included', 1, 'Gaming Console', 350, 2); 

INSERT INTO ListedItem (seller_username, buyer_username, description, quantity, name, price, condition_id)   

VALUES ('emilybrown12', NULL, 'Smartphone, 128GB, unlocked', 1, 'Smartphone', 500, 2); 

INSERT INTO ListedItem (seller_username, buyer_username, description, quantity, name, price, condition_id)   

VALUES ('emilybrown12', NULL, 'Phone mount for bike', 1, 'Phone mount', 25, 1);  

INSERT INTO ListedItem (seller_username, buyer_username, description, quantity, name, price, condition_id)  

VALUES ('emilybrown12', NULL, 'Toaster Oven that makes toast and can serve as an oven', 1, 'Toaster Oven', 50, 3); 

 

-- WISH LIST (31) 
INSERT INTO WishList (username) VALUES ('amandabrown77'); 
INSERT INTO WishList (username) VALUES ('briananderson66'); 
INSERT INTO WishList (username) VALUES ('brucelindley11'); 
INSERT INTO WishList (username) VALUES ('buyer12345'); 
INSERT INTO WishList (username) VALUES ('carlajones33'); 
INSERT INTO WishList (username) VALUES ('danielwalker34'); 
INSERT INTO WishList (username) VALUES ('davidclark44'); 
INSERT INTO WishList (username) VALUES ('emilybrown12'); 
INSERT INTO WishList (username) VALUES ('ericasanders34'); 
INSERT INTO WishList (username) VALUES ('jacobking33'); 
INSERT INTO WishList (username) VALUES ('janedoe88');
INSERT INTO WishList (username) VALUES ('johnsmith99'); 
INSERT INTO WishList (username) VALUES ('josephmiller90'); 
INSERT INTO WishList (username) VALUES ('kellyadams21'); 
INSERT INTO WishList (username) VALUES ('kimberlygreen11'); 
INSERT INTO WishList (username) VALUES ('lauramarquez21'); 
INSERT INTO WishList (username) VALUES ('lisasmith56'); 
INSERT INTO WishList (username) VALUES ('mariagarcia66'); 
INSERT INTO WishList (username) VALUES ('markthompson44'); 
INSERT INTO WishList (username) VALUES ('michaeljordan'); 
INSERT INTO WishList (username) VALUES ('nancyallen98'); 
INSERT INTO WishList (username) VALUES ('peterparker77'); 
INSERT INTO WishList (username) VALUES ('robertjohnson99');
INSERT INTO WishList (username) VALUES ('samsamuel56'); 
INSERT INTO WishList (username) VALUES ('sarahwilliams12'); 
INSERT INTO WishList (username) VALUES ('seller98765'); 
INSERT INTO WishList (username) VALUES ('sofiahernandez88'); 
INSERT INTO WishList (username) VALUES ('stephenlee56'); 
INSERT INTO WishList (username) VALUES ('victorwayne22'); 
INSERT INTO WishList (username) VALUES ('wahooo'); 
INSERT INTO WishList (username) VALUES ('williamjohnson01'); 

-- LISTED ITEM WISH LIST (30)
INSERT INTO ListedItem_WishList (wishlist_id, item_id) VALUES (5, 1);
INSERT INTO ListedItem_WishList (wishlist_id, item_id) VALUES (5, 2);
INSERT INTO ListedItem_WishList (wishlist_id, item_id) VALUES (5, 3);
INSERT INTO ListedItem_WishList (wishlist_id, item_id) VALUES (5, 4);
INSERT INTO ListedItem_WishList (wishlist_id, item_id) VALUES (5, 5);
INSERT INTO ListedItem_WishList (wishlist_id, item_id) VALUES (5, 6);
INSERT INTO ListedItem_WishList (wishlist_id, item_id) VALUES (5, 7);
INSERT INTO ListedItem_WishList (wishlist_id, item_id) VALUES (5, 8);
INSERT INTO ListedItem_WishList (wishlist_id, item_id) VALUES (5, 9);
INSERT INTO ListedItem_WishList (wishlist_id, item_id) VALUES (5, 10);
INSERT INTO ListedItem_WishList (wishlist_id, item_id) VALUES (5, 11);
INSERT INTO ListedItem_WishList (wishlist_id, item_id) VALUES (5, 12);
INSERT INTO ListedItem_WishList (wishlist_id, item_id) VALUES (5, 13);
INSERT INTO ListedItem_WishList (wishlist_id, item_id) VALUES (5, 14);
INSERT INTO ListedItem_WishList (wishlist_id, item_id) VALUES (5, 15);
INSERT INTO ListedItem_WishList (wishlist_id, item_id) VALUES (5, 16);
INSERT INTO ListedItem_WishList (wishlist_id, item_id) VALUES (5, 17);
INSERT INTO ListedItem_WishList (wishlist_id, item_id) VALUES (5, 18);
INSERT INTO ListedItem_WishList (wishlist_id, item_id) VALUES (5, 19);
INSERT INTO ListedItem_WishList (wishlist_id, item_id) VALUES (5, 20);
INSERT INTO ListedItem_WishList (wishlist_id, item_id) VALUES (5, 21);
INSERT INTO ListedItem_WishList (wishlist_id, item_id) VALUES (5, 22);
INSERT INTO ListedItem_WishList (wishlist_id, item_id) VALUES (5, 23);
INSERT INTO ListedItem_WishList (wishlist_id, item_id) VALUES (5, 24);
INSERT INTO ListedItem_WishList (wishlist_id, item_id) VALUES (5, 25);
INSERT INTO ListedItem_WishList (wishlist_id, item_id) VALUES (5, 26);
INSERT INTO ListedItem_WishList (wishlist_id, item_id) VALUES (5, 27);
INSERT INTO ListedItem_WishList (wishlist_id, item_id) VALUES (5, 28);
INSERT INTO ListedItem_WishList (wishlist_id, item_id) VALUES (5, 29);
INSERT INTO ListedItem_WishList (wishlist_id, item_id) VALUES (5, 30);

-- SHOPPING CART (31) 
INSERT INTO ShoppingCart (username) VALUES ('amandabrown77'); 
INSERT INTO ShoppingCart (username) VALUES ('briananderson66'); 
INSERT INTO ShoppingCart (username) VALUES ('brucelindley11'); 
INSERT INTO ShoppingCart (username) VALUES ('buyer12345'); 
INSERT INTO ShoppingCart (username) VALUES ('carlajones33'); 
INSERT INTO ShoppingCart (username) VALUES ('danielwalker34'); 
INSERT INTO ShoppingCart (username) VALUES ('davidclark44'); 
INSERT INTO ShoppingCart (username) VALUES ('emilybrown12'); 
INSERT INTO ShoppingCart (username) VALUES ('ericasanders34'); 
INSERT INTO ShoppingCart (username) VALUES ('jacobking33'); 
INSERT INTO ShoppingCart (username) VALUES ('janedoe88'); 
INSERT INTO ShoppingCart (username) VALUES ('johnsmith99'); 
INSERT INTO ShoppingCart (username) VALUES ('josephmiller90'); 
INSERT INTO ShoppingCart (username) VALUES ('kellyadams21'); 
INSERT INTO ShoppingCart (username) VALUES ('kimberlygreen11'); 
INSERT INTO ShoppingCart (username) VALUES ('lauramarquez21'); 
INSERT INTO ShoppingCart (username) VALUES ('lisasmith56'); 
INSERT INTO ShoppingCart (username) VALUES ('mariagarcia66'); 
INSERT INTO ShoppingCart (username) VALUES ('markthompson44'); 
INSERT INTO ShoppingCart (username) VALUES ('michaeljordan'); 
INSERT INTO ShoppingCart (username) VALUES ('nancyallen98'); 
INSERT INTO ShoppingCart (username) VALUES ('peterparker77'); 
INSERT INTO ShoppingCart (username) VALUES ('robertjohnson99'); 
INSERT INTO ShoppingCart (username) VALUES ('samsamuel56'); 
INSERT INTO ShoppingCart (username) VALUES ('sarahwilliams12'); 
INSERT INTO ShoppingCart (username) VALUES ('seller98765'); 
INSERT INTO ShoppingCart (username) VALUES ('sofiahernandez88'); 
INSERT INTO ShoppingCart (username) VALUES ('stephenlee56'); 
INSERT INTO ShoppingCart (username) VALUES ('victorwayne22'); 
INSERT INTO ShoppingCart (username) VALUES ('wahooo'); 
INSERT INTO ShoppingCart (username) VALUES ('williamjohnson01'); 

-- LISTED ITEM SHOPPING CART (30)
INSERT INTO ListedItem_ShoppingCart (item_id, shoppingcart_id) VALUES (1, 4);
INSERT INTO ListedItem_ShoppingCart (item_id, shoppingcart_id) VALUES (2, 4);
INSERT INTO ListedItem_ShoppingCart (item_id, shoppingcart_id) VALUES (3, 4);
INSERT INTO ListedItem_ShoppingCart (item_id, shoppingcart_id) VALUES (4, 4);
INSERT INTO ListedItem_ShoppingCart (item_id, shoppingcart_id) VALUES (5, 4);
INSERT INTO ListedItem_ShoppingCart (item_id, shoppingcart_id) VALUES (6, 4);
INSERT INTO ListedItem_ShoppingCart (item_id, shoppingcart_id) VALUES (7, 4);
INSERT INTO ListedItem_ShoppingCart (item_id, shoppingcart_id) VALUES (8, 4);
INSERT INTO ListedItem_ShoppingCart (item_id, shoppingcart_id) VALUES (9, 4);
INSERT INTO ListedItem_ShoppingCart (item_id, shoppingcart_id) VALUES (10, 4);
INSERT INTO ListedItem_ShoppingCart (item_id, shoppingcart_id) VALUES (11, 4);
INSERT INTO ListedItem_ShoppingCart (item_id, shoppingcart_id) VALUES (12, 4);
INSERT INTO ListedItem_ShoppingCart (item_id, shoppingcart_id) VALUES (13, 4);
INSERT INTO ListedItem_ShoppingCart (item_id, shoppingcart_id) VALUES (14, 4);
INSERT INTO ListedItem_ShoppingCart (item_id, shoppingcart_id) VALUES (15, 4);
INSERT INTO ListedItem_ShoppingCart (item_id, shoppingcart_id) VALUES (16, 4);
INSERT INTO ListedItem_ShoppingCart (item_id, shoppingcart_id) VALUES (17, 4);
INSERT INTO ListedItem_ShoppingCart (item_id, shoppingcart_id) VALUES (18, 4);
INSERT INTO ListedItem_ShoppingCart (item_id, shoppingcart_id) VALUES (19, 4);
INSERT INTO ListedItem_ShoppingCart (item_id, shoppingcart_id) VALUES (20, 4);
INSERT INTO ListedItem_ShoppingCart (item_id, shoppingcart_id) VALUES (21, 4);
INSERT INTO ListedItem_ShoppingCart (item_id, shoppingcart_id) VALUES (22, 4);
INSERT INTO ListedItem_ShoppingCart (item_id, shoppingcart_id) VALUES (23, 4);
INSERT INTO ListedItem_ShoppingCart (item_id, shoppingcart_id) VALUES (24, 4);
INSERT INTO ListedItem_ShoppingCart (item_id, shoppingcart_id) VALUES (25, 4);
INSERT INTO ListedItem_ShoppingCart (item_id, shoppingcart_id) VALUES (26, 4);
INSERT INTO ListedItem_ShoppingCart (item_id, shoppingcart_id) VALUES (27, 4);
INSERT INTO ListedItem_ShoppingCart (item_id, shoppingcart_id) VALUES (28, 4);
INSERT INTO ListedItem_ShoppingCart (item_id, shoppingcart_id) VALUES (29, 4);
INSERT INTO ListedItem_ShoppingCart (item_id, shoppingcart_id) VALUES (30, 4);


-- CATEGORY (3) 
INSERT INTO Category (category_name) VALUES ('Technology');
INSERT INTO Category (category_name) VALUES ('Clothing'); 
INSERT INTO Category (category_name) VALUES ('Vehicle'); 

-- LISTED ITEM CATEGORY (30) 
INSERT INTO ListedItem_Category (item_id, category_id)   

VALUES (1, 3);  -- Mountain Bike 

INSERT INTO ListedItem_Category (item_id, category_id)   

VALUES (2, 3);  -- Electric Scooter 

INSERT INTO ListedItem_Category (item_id, category_id)   

VALUES (3, 3);  -- Road Bike 

INSERT INTO ListedItem_Category (item_id, category_id)   

VALUES (4, 3);  -- Hybrid Bike 

INSERT INTO ListedItem_Category (item_id, category_id)   

VALUES (5, 3);  -- Kids Scooter 

INSERT INTO ListedItem_Category (item_id, category_id)   

VALUES (6, 3);  -- Foldable Scooter 

INSERT INTO ListedItem_Category (item_id, category_id)   

VALUES (7, 2);  -- Winter Jacket 

INSERT INTO ListedItem_Category (item_id, category_id)   

VALUES (8, 2);  -- Summer Dress 

INSERT INTO ListedItem_Category (item_id, category_id)   

VALUES (9, 2);  -- Leather Jacket 

INSERT INTO ListedItem_Category (item_id, category_id)   

VALUES (10, 2);  -- Handbag 

INSERT INTO ListedItem_Category (item_id, category_id)   

VALUES (11, 2);  -- Running Shoes 

INSERT INTO ListedItem_Category (item_id, category_id)   

VALUES (12, 2);  -- Winter Boots 

INSERT INTO ListedItem_Category (item_id, category_id)   

VALUES (13, 2);  -- Casual Shirt 

INSERT INTO ListedItem_Category (item_id, category_id)   

VALUES (14, 2);  -- Workout Leggings 

INSERT INTO ListedItem_Category (item_id, category_id)   

VALUES (15, 2);  -- Basketball Jersey 

INSERT INTO ListedItem_Category (item_id, category_id)   

VALUES (16, 2);  -- Raincoat 

INSERT INTO ListedItem_Category (item_id, category_id)   

VALUES (17, 2);  -- Suit 

INSERT INTO ListedItem_Category (item_id, category_id)   

VALUES (18, 2);  -- Cocktail Dress 

INSERT INTO ListedItem_Category (item_id, category_id)   

VALUES (19, 2);  -- Vintage T-Shirt 

INSERT INTO ListedItem_Category (item_id, category_id)   

VALUES (20, 2);  -- Designer Sunglasses 

INSERT INTO ListedItem_Category (item_id, category_id)   

VALUES (21, 1);  -- Laptop 

INSERT INTO ListedItem_Category (item_id, category_id)   

VALUES (22, 1);  -- Headphones 

INSERT INTO ListedItem_Category (item_id, category_id)   

VALUES (23, 1);  -- Smartwatch 

INSERT INTO ListedItem_Category (item_id, category_id)   

VALUES (24, 1);  -- Tablet 

INSERT INTO ListedItem_Category (item_id, category_id)   

VALUES (25, 1);  -- Wireless Earbuds 

INSERT INTO ListedItem_Category (item_id, category_id)   

VALUES (26, 1);  -- 4K TV 

INSERT INTO ListedItem_Category (item_id, category_id)   

VALUES (27, 1);  -- Gaming Console 

INSERT INTO ListedItem_Category (item_id, category_id)   

VALUES (28, 1);  -- Smartphone 

INSERT INTO ListedItem_Category (item_id, category_id)   

VALUES (29, 1);  -- Phone mount 

INSERT INTO ListedItem_Category (item_id, category_id)   

VALUES (29, 3);  -- Phone mount 

INSERT INTO ListedItem_Category (item_id, category_id)   

VALUES (30, 1);  -- Toaster Oven 

 

-- SHIPPING METHOD (2) 

INSERT INTO ShippingMethod (shipping_name)   

VALUES ('Delivery'); 

INSERT INTO ShippingMethod (shipping_name)   

VALUES ('Pick-up'); 

 

-- LISTED ITEM SHIPPING METHOD (45) 

INSERT INTO ListedItem_ShippingMethod (item_id, shipping_id)   

VALUES (1, 1);  -- Delivery 

INSERT INTO ListedItem_ShippingMethod (item_id, shipping_id)   

VALUES (1, 2);  -- Pick-up 

INSERT INTO ListedItem_ShippingMethod (item_id, shipping_id)   

VALUES (2, 1);  -- Delivery 

INSERT INTO ListedItem_ShippingMethod (item_id, shipping_id)   

VALUES (2, 2);  -- Pick-up 

INSERT INTO ListedItem_ShippingMethod (item_id, shipping_id)   

VALUES (3, 1);  -- Delivery 

INSERT INTO ListedItem_ShippingMethod (item_id, shipping_id)   

VALUES (3, 2);  -- Pick-up 

INSERT INTO ListedItem_ShippingMethod (item_id, shipping_id)   

VALUES (4, 1);  -- Delivery 

INSERT INTO ListedItem_ShippingMethod (item_id, shipping_id)   

VALUES (4, 2);  -- Pick-up 

INSERT INTO ListedItem_ShippingMethod (item_id, shipping_id)   

VALUES (5, 1);  -- Delivery 

INSERT INTO ListedItem_ShippingMethod (item_id, shipping_id)   

VALUES (5, 2);  -- Pick-up 

INSERT INTO ListedItem_ShippingMethod (item_id, shipping_id)   

VALUES (6, 1);  -- Delivery 

INSERT INTO ListedItem_ShippingMethod (item_id, shipping_id)   

VALUES (6, 2);  -- Pick-up 

INSERT INTO ListedItem_ShippingMethod (item_id, shipping_id)   

VALUES (7, 1);  -- Delivery 

INSERT INTO ListedItem_ShippingMethod (item_id, shipping_id)   

VALUES (7, 2);  -- Pick-up 

INSERT INTO ListedItem_ShippingMethod (item_id, shipping_id)   

VALUES (8, 1);  -- Delivery 

INSERT INTO ListedItem_ShippingMethod (item_id, shipping_id)   

VALUES (8, 2);  -- Pick-up 

INSERT INTO ListedItem_ShippingMethod (item_id, shipping_id)   

VALUES (9, 1);  -- Delivery 

INSERT INTO ListedItem_ShippingMethod (item_id, shipping_id)   

VALUES (9, 2);  -- Pick-up 

INSERT INTO ListedItem_ShippingMethod (item_id, shipping_id)   

VALUES (10, 1);  -- Delivery 

INSERT INTO ListedItem_ShippingMethod (item_id, shipping_id)   

VALUES (10, 2);  -- Pick-up 

INSERT INTO ListedItem_ShippingMethod (item_id, shipping_id)   

VALUES (11, 1);  -- Delivery 

INSERT INTO ListedItem_ShippingMethod (item_id, shipping_id)   

VALUES (11, 2);  -- Pick-up 

INSERT INTO ListedItem_ShippingMethod (item_id, shipping_id)   

VALUES (12, 1);  -- Delivery 

INSERT INTO ListedItem_ShippingMethod (item_id, shipping_id)   

VALUES (12, 2);  -- Pick-up 

INSERT INTO ListedItem_ShippingMethod (item_id, shipping_id)   

VALUES (13, 1);  -- Delivery 

INSERT INTO ListedItem_ShippingMethod (item_id, shipping_id)   

VALUES (13, 2);  -- Pick-up 

INSERT INTO ListedItem_ShippingMethod (item_id, shipping_id)   

VALUES (14, 1);  -- Delivery 

INSERT INTO ListedItem_ShippingMethod (item_id, shipping_id)   

VALUES (14, 2);  -- Pick-up 

INSERT INTO ListedItem_ShippingMethod (item_id, shipping_id)   

VALUES (15, 1);  -- Delivery 

INSERT INTO ListedItem_ShippingMethod (item_id, shipping_id)   

VALUES (15, 2);  -- Pick-up 

INSERT INTO ListedItem_ShippingMethod (item_id, shipping_id)   

VALUES (16, 1);  -- Delivery only 

INSERT INTO ListedItem_ShippingMethod (item_id, shipping_id)   

VALUES (17, 1);  -- Delivery only 

INSERT INTO ListedItem_ShippingMethod (item_id, shipping_id)   

VALUES (18, 1);  -- Delivery only 

INSERT INTO ListedItem_ShippingMethod (item_id, shipping_id)   

VALUES (19, 1);  -- Delivery only 

INSERT INTO ListedItem_ShippingMethod (item_id, shipping_id)   

VALUES (20, 1);  -- Delivery only 

INSERT INTO ListedItem_ShippingMethod (item_id, shipping_id)   

VALUES (21, 1);  -- Delivery only 

INSERT INTO ListedItem_ShippingMethod (item_id, shipping_id)   

VALUES (22, 1);  -- Delivery only 

INSERT INTO ListedItem_ShippingMethod (item_id, shipping_id)   

VALUES (23, 1);  -- Delivery only 

INSERT INTO ListedItem_ShippingMethod (item_id, shipping_id)   

VALUES (24, 1);  -- Delivery only 

INSERT INTO ListedItem_ShippingMethod (item_id, shipping_id)   

VALUES (25, 2);  -- Pick-up only 

INSERT INTO ListedItem_ShippingMethod (item_id, shipping_id)   

VALUES (26, 2);  -- Pick-up only 

INSERT INTO ListedItem_ShippingMethod (item_id, shipping_id)   

VALUES (27, 2);  -- Pick-up only 

INSERT INTO ListedItem_ShippingMethod (item_id, shipping_id)   

VALUES (28, 2);  -- Pick-up only 

INSERT INTO ListedItem_ShippingMethod (item_id, shipping_id)   

VALUES (29, 2);  -- Pick-up only 

INSERT INTO ListedItem_ShippingMethod (item_id, shipping_id)   

VALUES (30, 2);  -- Pick-up only 

 